id,name,spectral_centroid,spectral_rolloff,spectral_bandwidth_2,spectral_bandwidth_3,spectral_bandwidth_4,zero_crossings,mfccs,chroma
0,deepak,970.5149422612376,0.18124393,1971.783447265625,1398.5931607618083,1961.589269491988,2494.4611482490564,0.011555555555555555,-4.6664386,0.56219345
1,deepak,970.5149422612376,0.18124393,1971.783447265625,1398.5931607618083,1961.589269491988,2494.4611482490564,0.011555555555555555,-4.6664386,0.56219345
