id,name,spectral_centroid,rmse,spectral_rolloff,spectral_bandwidth_2,spectral_bandwidth_3,spectral_bandwidth_4,zero_crossings,mfccs,chroma
0,Deepak,1414.1902155295102,0.16980053,2802.30712890625,1512.5574790453943,1920.9389189312317,2317.6718030946527,0.057160997732426305,-2.5581994,0.39740828
1,Deepak,1271.1992949219534,0.10628453,2357.586669921875,1556.14296403573,2084.820126920174,2557.3178305433744,0.061024943310657595,-8.53703,0.4191225
2,Deepak,758.6326898672007,0.15323569,1398.6114501953125,1263.1001395206683,1842.9619590540005,2360.959222971295,0.01198185941043084,-4.640862,0.6344388
3,ritik,1660.6419016498999,0.17029744,3005.427042643229,1525.1216568885877,1947.9923218672661,2359.09974657948,0.09634467120181406,-4.307922,0.35471293
4,unknown,1454.732317891314,0.13378175,3109.3048095703125,1843.205557871244,2378.2445506118133,2849.5221439694787,0.0650702947845805,-1.1804864,0.47359475
5,yyy,707.2550712378113,0.25282282,1522.9258219401042,1089.942984273113,1594.7875335840708,2119.33540169806,0.011138321995464853,-3.8058097,0.49020344
